{
  "parent": "block/cube",
  "textures": {
    "down": "deeper_nether_biomes:blocks/soul_quartz_ore_1",
    "up": "deeper_nether_biomes:blocks/soul_quartz_ore_1",
    "north": "deeper_nether_biomes:blocks/soul_quartz_ore_1",
    "east": "deeper_nether_biomes:blocks/soul_quartz_ore_1",
    "south": "deeper_nether_biomes:blocks/soul_quartz_ore_1",
    "west": "deeper_nether_biomes:blocks/soul_quartz_ore_1",
    "particle": "deeper_nether_biomes:blocks/soul_quartz_ore_1"
  },
  "render_type": "solid"
}